{"cameraMode":{"drawMode":0,"name":"Shaded","section":"Shading Mode"},"sceneLighting":true,"audioPlay":false,"sceneViewState":{"showFog":false,"showMaterialUpdate":false,"showSkybox":false,"showFlares":false,"showImageEffects":false,"showParticleSystems":false},"in2DMode":false,"pivot":{"x":-6.026440620422363,"y":-1.236780047416687,"z":9.148092269897461},"rotation":{"x":-0.09024887531995774,"y":0.22528089582920075,"z":-0.02088405378162861,"w":-0.969883143901825},"size":16.178394317626954,"orthographic":false}